{"bytes_successfully_decoded_pct":{"0":1.0,"1":1.0,"2":1.0,"3":0.9901,"4":0.9901,"5":0.9604,"6":0.9901,"7":0.9901,"8":0.9307,"9":0.901,"10":0.8713,"11":0.7723,"12":0.8218,"13":0.6436,"14":0.5941,"15":0.5545,"16":0.4752,"17":0.4258,"18":0.2377,"19":0.2178},"packets_successfully_decoded_pct":{"0":1.0,"1":1.0,"2":1.0,"3":0.9901960784,"4":0.9901960784,"5":0.9607843137,"6":0.9901960784,"7":0.9901960784,"8":0.931372549,"9":0.9019607843,"10":0.8725490196,"11":0.7745098039,"12":0.8235294118,"13":0.6470588235,"14":0.5980392157,"15":0.5588235294,"16":0.4948453608,"17":0.431372549,"18":0.2450980392,"19":0.2244897959}}